{"cameraMode":{"drawMode":0,"name":"Shaded","section":"Shading Mode"},"sceneLighting":false,"audioPlay":false,"sceneViewState":{"m_AlwaysRefresh":false,"showFog":true,"showSkybox":false,"showFlares":true,"showImageEffects":true,"showParticleSystems":true,"showVisualEffectGraphs":true,"m_FxEnabled":true},"in2DMode":false,"pivot":{"x":4.489999771118164,"y":14.850000381469727,"z":-2.4799997806549074},"rotation":{"x":0.0030605376232415439,"y":0.9917424917221069,"z":-0.12593714892864228,"w":0.024105282500386239},"size":12.12435531616211,"orthographic":false}